name,site,page,hours,address,phone,email,speed_claim,price_range,score_total,score_price,score_speed,score_openness
Room Alco,https://room-alco.ru,https://alcorating.ru/c/room-alco-ru.html,круглосуточно (заявлено),"Москва, ул. Маршала Катукова, 24к6",+7 (930) 935-31-48,Info@whiskeygram.ru,Оценка по фото — около 30 минут; курьер в течение дня после оценки.,67–72% от рыночной цены бутылки,4.6,4.5,4.5,4.8
Diamant Alko,https://diamant-alko.ru,https://alcorating.ru/c/diamant-alko-ru.html,не указан,"Москва, ул. Петровка, 7",+7 (930) 935-32-06 (WhatsApp; телефона в шапке сайта нет),,Ответ по фото — 10 минут (главная) и 5–10 минут (подстраницы).,67–72% от рыночной цены бутылки,4.5,4.5,4.5,4.5
700ml,https://700ml.ru,https://alcorating.ru/c/700ml-ru.html,8:00–1:00 без выходных,"Москва, Пресненская наб., 2 (ТЦ «Афимолл») — место встречи",+7 (977) 720-70-73,24h@700ml.ru,Ответ по фото — до 24 часов; выезд в течение 2 часов после согласования цены.,от 4 500 до 200 000 ₽,3.5,5,2.5,3
1buyup,https://1buyup.ru,https://alcorating.ru/c/1buyup-ru.html,9:00–21:00 ежедневно,"Москва, Тверская ул., 7 (м. Охотный Ряд)",+7 (965) 340-66-00,fine@1buyup.ru,Предварительная оценка по фото — 15–30 минут.,от 8 500 до 180 000 ₽,3.7,4,3,4
Red Decanter,https://reddecanter.ru,https://alcorating.ru/c/reddecanter-ru.html,10:00–19:00 ежедневно,"Москва, ул. Викторенко, 16 стр. 1, оф. 408 (м. Аэропорт)","8 (495) 740-65-67, +7 (999) 546-63-03",info@reddecanter.ru,Экспертиза — около 15 минут.,от 18 000 до 5 000 000 ₽,3.5,4,3.5,3
SKUPKA-ALKOGOL,https://skupka-alkogol.ru,https://alcorating.ru/c/skupka-alkogol-ru.html,10:00–19:00 ежедневно,"Москва, ул. Дорожная, 54 стр. 1 (м. Аннино)",8 (910) 453-99-08,info@skupka-alkogol.ru,Экспертиза — 15 минут; на главной также «оценка за 2–3 минуты».,от 500 до 120 000 ₽,3.2,4,3.5,2
VykupAlko,https://vykup-alko.ru,https://alcorating.ru/c/vykup-alko-ru.html,9:00–20:00 ежедневно,,+7 (925) 875-28-20,vykup.alko@yandex.ru,Оценка за 15 минут (в Telegram — «до 2 минут» по заявлению).,заявляет «до 90% рыночной цены»,2.8,2.5,4,2
Alko Prikup,https://alkoprikup.ru,https://alcorating.ru/c/alkoprikup-ru.html,"Пн–Пт 9–19, Сб–Вс 10–18","Москва, ул. Зорге, 17А",+7 (929) 102-55-55,info@alkoprikup.ru,Онлайн-оценка «за 2–3 минуты»; окончательная сумма — после осмотра.,заявляет «до 100% рыночной цены»,2.8,2,4.5,2
SellMeWine,https://sellmewine.ru,https://alcorating.ru/c/sellmewine-ru.html,операторы круглосуточно,"Москва, Ленинский пр-т, 44",+7 (905) 714-82-82,info@sellmewine.ru,Онлайн-оценка круглосуточно; на странице коньяка — предварительная цена за 15 минут.,67–72% от рыночной цены бутылки,3.2,2,4.5,3
Skup-ka,https://skup-ka.ru,https://alcorating.ru/c/skup-ka-ru.html,Пн–Пт 9:00–21:00,"Москва, ул. Руставели, 14с6",+7 (925) 986-34-06,sale@skup-ka.ru,Не указана; сделка по договорённости.,67–72% от рыночной цены бутылки,2.3,2,2.0,3
Kupimalko,https://kupimalko.ru,https://alcorating.ru/c/kupimalko-ru.html,9:00–23:00 ежедневно,,+7 (929) 557-44-60,kupimalko@mail.ru,Контакт по заявке — в течение 5 минут.,67–72% от рыночной цены бутылки,3.2,2.5,5,2
Cupaj Club,https://cupajclub.ru,https://alcorating.ru/c/cupajclub-ru.html,"Пн–Пт 9–19, Сб–Вс 10–18","Москва, Варшавское ш., 170Б стр. 2","+7 (499) 755-93-73, +7 (925) 215-63-36",,Оценка по фото — 5 минут (заявлено).,67–72% от рыночной цены бутылки,2.8,2,4.5,2
ProbkaBar (Skupka Premium),https://probkabar.com,https://alcorating.ru/c/probkabar-com.html,не указан,,+7 (968) 096-75-58 (в описании страницы также +7 (925) 929-63-01),sales@probkabar.com,Ответ и оценка — 15 минут (заявлено).,67–72% от рыночной цены бутылки,2.3,2,4,1
Alco-Skupka,https://sellawine.ru,https://alcorating.ru/c/sellawine-ru.html,оценка 11:00–24:00; заявлена круглосуточная доступность,,+7 (901) 578-11-16,alcoskupka.ru@gmail.com,Оценка бутылки за 10–15 минут.,67–72% от рыночной цены бутылки,2.7,2,4,2
AlcoBuyer,https://alcobuyer.ru,https://alcorating.ru/c/alcobuyer-ru.html,круглосуточно (заявлено),,+7 (916) 033-62-25,alcobuyer@mail.ru,Дистанционная бесплатная оценка по фото; срок не указан.,67–72% от рыночной цены бутылки,2.3,2,3.0,2
oldcognac.ru («СкупкаАлкоголя»),https://oldcognac.ru,https://alcorating.ru/c/oldcognac-ru.html,не указан,"Москва, ул. Академика Челомея, 11",8 (903) 535-50-20,sale@oldcognac.ru,Бесплатная дистанционная оценка; срок не указан.,67–72% от рыночной цены бутылки,2.2,2,2.5,2
Alcovikup,https://alcovikup.ru,https://alcorating.ru/c/alcovikup-ru.html,10:00–21:00,"Москва, МО, Казань (заявлено 11 офисов)",+7 (977) 540-09-99,,Оценка по фото — 5 минут (заявлено).,67–72% от рыночной цены бутылки,2.8,2,4.5,2
TotalStok,https://prodat-alko.ru,https://alcorating.ru/c/prodat-alko-ru.html,круглосуточно (заявлено),,+7 (985) 991-15-56,,"Предварительный ответ по фото, срок не указан.",67–72% от рыночной цены бутылки,2.8,2.5,3.0,3
Alko Lombard,https://alkolombard.ru,https://alcorating.ru/c/alkolombard-ru.html,8:00–1:00 ежедневно,,+7 (999) 988-67-77,,Выезд в течение 2 часов после согласования цены.,67–72% от рыночной цены бутылки,2.3,2,3.0,2
Vine&Co,https://vikup-alco.ru,https://alcorating.ru/c/vikup-alco-ru.html,не указан,"Санкт-Петербург, Апраксин пер., 15","+7 (981) 268-10-45 (WhatsApp, Telegram, Viber)",,Оценка по фото — 5 минут (заявлено).,67–72% от рыночной цены бутылки,3.2,2,4.5,3
